{"branches": 76.66666666666667, "coverage": 91.48936170212765}